size_bytes,mtime_iso,ext,path
5195531,2023-04-14T14:14:21,.jpg,mirror/raw/2025-10-01/wp-content/uploads/2015/06/IMG_5994.jpg
3056347,2023-04-14T14:14:22,.jpg,mirror/raw/2025-10-01/wp-content/uploads/2015/09/20150708_115725-e1446218438917.jpg
2959967,2023-04-14T14:14:21,.jpg,mirror/raw/2025-10-01/wp-content/uploads/2015/05/DSC_0605.jpg
2931055,2023-04-14T14:14:21,.jpg,mirror/raw/2025-10-01/wp-content/uploads/2015/05/DSC_0961.jpg
2924272,2023-04-14T14:14:21,.jpg,mirror/raw/2025-10-01/wp-content/uploads/2015/05/DSC_0022.jpg
2924272,2023-04-14T14:14:21,.jpg,mirror/raw/2025-10-01/wp-content/uploads/2015/05/DSC_00221.jpg
2867452,2023-04-14T14:14:21,.jpg,mirror/raw/2025-10-01/wp-content/uploads/2015/05/DSC_0024.jpg
2847688,2023-04-14T14:14:21,.jpg,mirror/raw/2025-10-01/wp-content/uploads/2015/05/DSC_0957.jpg
2847688,2023-04-14T14:14:21,.jpg,mirror/raw/2025-10-01/wp-content/uploads/2015/05/DSC_09571.jpg
2832747,2023-04-14T14:14:21,.jpg,mirror/raw/2025-10-01/wp-content/uploads/2015/05/DSC_0613.jpg
2790843,2023-04-14T14:14:21,.jpg,mirror/raw/2025-10-01/wp-content/uploads/2015/05/DSC_0604.jpg
2691796,2023-04-14T14:14:22,.jpg,mirror/raw/2025-10-01/wp-content/uploads/2015/09/20150708_115725.jpg
2652502,2023-04-14T14:14:22,.jpg,mirror/raw/2025-10-01/wp-content/uploads/2015/09/20150713_123029.jpg
2450275,2023-04-14T14:14:22,.jpg,mirror/raw/2025-10-01/wp-content/uploads/2016/03/10.jpg
2450275,2025-10-01T14:55:54,.jpg~20251001145554~,mirror/raw/2025-10-01/wp-content/uploads/2016/03/10.jpg~20251001145554~
2398259,2023-04-14T14:14:22,.jpg,mirror/raw/2025-10-01/wp-content/uploads/2016/03/18.jpg
2398259,2025-10-01T14:56:13,.jpg~20251001145612~,mirror/raw/2025-10-01/wp-content/uploads/2016/03/18.jpg~20251001145612~
2367847,2023-04-14T14:14:22,.png,mirror/raw/2025-10-01/wp-content/uploads/2015/09/06.png
2287249,2023-04-14T14:14:21,.jpg,mirror/raw/2025-10-01/wp-content/uploads/2015/05/10.jpg
2281838,2023-04-14T14:14:21,.png,mirror/raw/2025-10-01/wp-content/uploads/2015/05/Screen-Shot-2015-09-01-at-11.20.45-AM.png
2281838,2023-04-14T14:14:21,.png,mirror/raw/2025-10-01/wp-content/uploads/2015/05/Screen-Shot-2015-09-01-at-11.20.45-AM1.png
2214696,2023-04-14T14:14:21,.jpg,mirror/raw/2025-10-01/wp-content/uploads/2015/05/IMG_2162.jpg
2210157,2023-04-14T14:14:21,.jpg,mirror/raw/2025-10-01/wp-content/uploads/2015/05/IMG_2157.jpg
2149744,2023-04-14T14:14:21,.jpg,mirror/raw/2025-10-01/wp-content/uploads/2015/05/IMG_2234.jpg
2112801,2023-04-14T14:14:21,.png,mirror/raw/2025-10-01/wp-content/uploads/2015/06/Screen-Shot-2015-09-01-at-11.47.58-AM.png
2082922,2023-04-14T14:14:21,.jpg,mirror/raw/2025-10-01/wp-content/uploads/2015/05/Photos-courtesy-of-Carlos-Guzman-KOKO-Design-Studios-2.jpg
2076327,2023-04-14T14:14:22,.jpg,mirror/raw/2025-10-01/wp-content/uploads/2016/03/17.jpg
2076327,2025-10-01T14:56:08,.jpg~20251001145608~,mirror/raw/2025-10-01/wp-content/uploads/2016/03/17.jpg~20251001145608~
2064992,2023-04-14T14:14:21,.jpg,mirror/raw/2025-10-01/wp-content/uploads/2015/05/IMG_2163.jpg
2061719,2023-04-14T14:14:22,.jpg,mirror/raw/2025-10-01/wp-content/uploads/2016/03/11.jpg
2061719,2025-10-01T14:55:58,.jpg~20251001145557~,mirror/raw/2025-10-01/wp-content/uploads/2016/03/11.jpg~20251001145557~
2028490,2023-04-14T14:14:21,.jpg,mirror/raw/2025-10-01/wp-content/uploads/2015/05/IMG_2233.jpg
1913558,2023-04-14T14:14:21,.png,mirror/raw/2025-10-01/wp-content/uploads/2015/05/Screen-Shot-2015-07-17-at-5.22.39-PM.png
1876775,2023-04-14T14:14:22,.jpg,mirror/raw/2025-10-01/wp-content/uploads/2015/09/11.jpg
1866923,2023-04-14T14:14:21,.png,mirror/raw/2025-10-01/wp-content/uploads/2015/05/Screen-Shot-2015-09-01-at-11.59.49-AM.png
1852197,2023-04-14T14:14:21,.png,mirror/raw/2025-10-01/wp-content/uploads/2015/05/Screen-Shot-2015-09-01-at-11.57.28-AM.png
1841136,2023-04-14T14:14:22,.png,mirror/raw/2025-10-01/wp-content/uploads/2015/09/Screen-Shot-2015-09-01-at-11.41.16-AM.png
1841136,2025-10-01T14:53:54,.png~20251001145354~,mirror/raw/2025-10-01/wp-content/uploads/2015/09/Screen-Shot-2015-09-01-at-11.41.16-AM.png~20251001145354~
1815340,2023-04-14T14:14:21,.jpg,mirror/raw/2025-10-01/wp-content/uploads/2015/05/IMG_2230.jpg
1780478,2023-04-14T14:14:21,.png,mirror/raw/2025-10-01/wp-content/uploads/2015/05/Screen-Shot-2015-08-21-at-5.51.57-PM.png
1720008,2023-04-14T14:14:21,.png,mirror/raw/2025-10-01/wp-content/uploads/2015/05/Screen-Shot-2015-09-01-at-11.38.50-AM.png
1694136,2023-04-14T14:14:21,.jpg,mirror/raw/2025-10-01/wp-content/uploads/2015/05/IMG_2235.jpg
1679776,2023-04-14T14:14:21,.jpg,mirror/raw/2025-10-01/wp-content/uploads/2015/07/bckg-image.jpg
1653037,2023-04-14T14:14:21,.jpg,mirror/raw/2025-10-01/wp-content/uploads/2015/05/IMG_2123.jpg
1646505,2023-04-14T14:14:21,.png,mirror/raw/2025-10-01/wp-content/uploads/2015/05/Screen-Shot-2015-07-17-at-1.31.49-PM-1024x762.png
1626306,2023-04-14T14:14:21,.jpg,mirror/raw/2025-10-01/wp-content/uploads/2015/05/IMG_2122.jpg
1625792,2023-04-14T14:14:21,.jpg,mirror/raw/2025-10-01/wp-content/uploads/2015/05/IMG_2257.jpg
1620395,2023-04-14T14:14:21,.png,mirror/raw/2025-10-01/wp-content/uploads/2015/05/Screen-Shot-2015-09-01-at-11.58.18-AM.png
1610147,2023-04-14T14:14:21,.jpg,mirror/raw/2025-10-01/wp-content/uploads/2015/05/IMG_2145.jpg
1582148,2023-04-14T14:14:21,.png,mirror/raw/2025-10-01/wp-content/uploads/2015/05/Screen-Shot-2015-09-01-at-12.04.25-PM.png
1561363,2023-04-14T14:14:21,.jpg,mirror/raw/2025-10-01/wp-content/uploads/2015/05/IMG_2239.jpg
1559699,2023-04-14T14:14:21,.jpg,mirror/raw/2025-10-01/wp-content/uploads/2015/05/IMG_2157-e1446221499248.jpg
1559101,2023-04-14T14:14:21,.jpg,mirror/raw/2025-10-01/wp-content/uploads/2015/05/IMG_2162-e1446221478836.jpg
1551095,2023-04-14T14:14:21,.jpg,mirror/raw/2025-10-01/wp-content/uploads/2015/05/IMG_2144.jpg
1549851,2023-04-14T14:14:21,.png,mirror/raw/2025-10-01/wp-content/uploads/2015/05/Screen-Shot-2015-09-01-at-11.43.06-AM.png
1547337,2023-04-14T14:14:21,.jpg,mirror/raw/2025-10-01/wp-content/uploads/2015/05/IMG_2260.jpg
1539683,2023-04-14T14:14:22,.png,mirror/raw/2025-10-01/wp-content/uploads/2015/09/Screen-Shot-2015-09-01-at-11.25.42-AM.png
1520273,2023-04-14T14:14:21,.png,mirror/raw/2025-10-01/wp-content/uploads/2015/05/Screen-Shot-2015-09-01-at-11.16.11-AM.png
1520273,2023-04-14T14:14:21,.png,mirror/raw/2025-10-01/wp-content/uploads/2015/05/Screen-Shot-2015-09-01-at-11.16.11-AM1.png
1505879,2023-04-14T14:14:22,.jpg,mirror/raw/2025-10-01/wp-content/uploads/2015/10/IMG_2212.jpg
1505879,2025-10-01T14:55:23,.jpg~20251001145523~,mirror/raw/2025-10-01/wp-content/uploads/2015/10/IMG_2212.jpg~20251001145523~
1497195,2023-04-14T14:14:21,.jpg,mirror/raw/2025-10-01/wp-content/uploads/2015/05/IMG_2143.jpg
1453662,2023-04-14T14:14:21,.png,mirror/raw/2025-10-01/wp-content/uploads/2015/05/Screen-Shot-2015-09-01-at-12.03.47-PM.png
1448784,2023-04-14T14:14:22,.png,mirror/raw/2025-10-01/wp-content/uploads/2015/09/06-1024x572.png
1431006,2023-04-14T14:14:21,.jpg,mirror/raw/2025-10-01/wp-content/uploads/2015/05/IMG_2233-e1446222277922.jpg
1421886,2023-04-14T14:14:21,.png,mirror/raw/2025-10-01/wp-content/uploads/2015/05/Screen-Shot-2015-09-01-at-11.58.18-AM-1024x795.png
1387375,2023-04-14T14:14:21,.png,mirror/raw/2025-10-01/wp-content/uploads/2015/05/Screen-Shot-2015-09-01-at-11.24.32-AM.png
1355902,2023-04-14T14:14:21,.jpg,mirror/raw/2025-10-01/wp-content/uploads/2015/05/IMG_2237.jpg
1320108,2023-04-14T14:14:21,.png,mirror/raw/2025-10-01/wp-content/uploads/2015/05/Screen-Shot-2015-09-01-at-11.26.37-AM.png
1313311,2023-04-14T14:14:21,.png,mirror/raw/2025-10-01/wp-content/uploads/2015/05/Screen-Shot-2015-08-16-at-1.06.40-PM.png
1287918,2023-04-14T14:14:21,.png,mirror/raw/2025-10-01/wp-content/uploads/2015/05/Screen-Shot-2015-09-01-at-12.04.59-PM.png
1276882,2023-04-14T14:14:21,.jpg,mirror/raw/2025-10-01/wp-content/uploads/2015/05/IMG_2230-e1446222218960.jpg
1269449,2023-04-14T14:14:21,.png,mirror/raw/2025-10-01/wp-content/uploads/2015/05/Screen-Shot-2015-09-01-at-11.20.45-AM-1024x543.png
1269449,2023-04-14T14:14:21,.png,mirror/raw/2025-10-01/wp-content/uploads/2015/05/Screen-Shot-2015-09-01-at-11.20.45-AM1-1024x543.png
1252606,2023-04-14T14:14:21,.png,mirror/raw/2025-10-01/wp-content/uploads/2015/05/Screen-Shot-2015-09-01-at-11.57.28-AM-1024x680.png
1232374,2023-04-14T14:14:21,.png,mirror/raw/2025-10-01/wp-content/uploads/2015/05/Screen-Shot-2015-09-01-at-11.08.34-AM.png
1200564,2023-04-14T14:14:22,.jpg,mirror/raw/2025-10-01/wp-content/uploads/2016/05/02.jpg
1200564,2025-10-01T14:56:23,.jpg~20251001145622~,mirror/raw/2025-10-01/wp-content/uploads/2016/05/02.jpg~20251001145622~
1200337,2023-04-14T14:14:21,.jpg,mirror/raw/2025-10-01/wp-content/uploads/2015/05/IMG_2123-e1446221875523.jpg
1185317,2023-04-14T14:14:21,.jpg,mirror/raw/2025-10-01/wp-content/uploads/2015/05/IMG_2122-e1446221899655.jpg
1179045,2023-04-14T14:14:21,.jpg,mirror/raw/2025-10-01/wp-content/uploads/2015/04/el-beso_Final_Welding.jpg
1172588,2023-04-14T14:14:22,.png,mirror/raw/2025-10-01/wp-content/uploads/2015/09/Screen-Shot-2015-09-01-at-12.01.16-PM.png
1169538,2023-04-14T14:14:21,.png,mirror/raw/2025-10-01/wp-content/uploads/2015/05/Screen-Shot-2015-09-01-at-11.24.32-AM-1024x679.png
1168929,2023-04-14T14:14:21,.jpg,mirror/raw/2025-10-01/wp-content/uploads/2015/05/IMG_2145-e1446221808865.jpg
1168187,2023-04-14T14:14:22,.png,mirror/raw/2025-10-01/wp-content/uploads/2015/09/Screen-Shot-2015-09-01-at-11.46.19-AM.png
1168187,2025-10-01T14:53:57,.png~20251001145357~,mirror/raw/2025-10-01/wp-content/uploads/2015/09/Screen-Shot-2015-09-01-at-11.46.19-AM.png~20251001145357~
1166400,2023-04-14T14:14:21,.png,mirror/raw/2025-10-01/wp-content/uploads/2015/05/Screen-Shot-2015-07-17-at-1.31.49-PM.png
1161754,2023-04-14T14:14:21,.jpg,mirror/raw/2025-10-01/wp-content/uploads/2015/05/IMG_2257-e1446220314963.jpg
1155130,2023-04-14T14:14:21,.png,mirror/raw/2025-10-01/wp-content/uploads/2015/05/Screen-Shot-2015-09-01-at-11.59.49-AM-1024x646.png
1143276,2025-10-01T15:47:38,.txt,audits/_structure/2025-10-01_project_tree.txt
1123831,2023-04-14T14:14:21,.jpg,mirror/raw/2025-10-01/wp-content/uploads/2015/05/IMG_2144-e1446221829121.jpg
1118695,2023-04-14T14:14:21,.jpg,mirror/raw/2025-10-01/wp-content/uploads/2015/05/IMG_2260-e1446220291514.jpg
1107032,2023-04-14T14:14:21,.png,mirror/raw/2025-10-01/wp-content/uploads/2015/05/Screen-Shot-2015-09-01-at-11.37.51-AM.png
1103393,2023-04-14T14:14:21,.png,mirror/raw/2025-10-01/wp-content/uploads/2015/05/Screen-Shot-2015-09-01-at-11.12.11-AM.png
1101240,2023-04-14T14:14:21,.png,mirror/raw/2025-10-01/wp-content/uploads/2015/05/Screen-Shot-2015-09-01-at-11.35.09-AM.png
1066883,2023-04-14T14:14:21,.jpg,mirror/raw/2025-10-01/wp-content/uploads/2015/05/IMG_2143-e1446221852531.jpg
1065968,2023-04-14T14:14:21,.png,mirror/raw/2025-10-01/wp-content/uploads/2015/05/Screen-Shot-2015-08-16-at-1.05.19-PM.png
1051096,2023-04-14T14:14:22,.jpg,mirror/raw/2025-10-01/wp-content/uploads/2015/10/IMG_2212-e1446226112975.jpg
1051096,2025-10-01T14:55:22,.jpg~20251001145522~,mirror/raw/2025-10-01/wp-content/uploads/2015/10/IMG_2212-e1446226112975.jpg~20251001145522~
1045849,2023-04-14T14:14:21,.png,mirror/raw/2025-10-01/wp-content/uploads/2015/06/Screen-Shot-2015-09-01-at-11.47.58-AM-1024x585.png
